{"0.39313086337621894":{"user_id":1},"0.15581458739342557":{"user_id":1}}